n,ngram,frequency
1,l,0.04563005009439259
1,e,0.11934711943615191
1, ,0.15895566728020336
1,f,0.008210974251445869
1,a,0.06515905015071925
1,n,0.05595418280001672
1,t,0.060020604657670146
1,ô,0.000843082994616261
1,m,0.026324539711207736
1,d,0.02919356567780057
1,o,0.04412740001562611
1,p,0.022243581939854023
1,é,0.013999901882582523
1,r,0.054762237876593726
1,"
",0.023288350737061675
1,i,0.06199930591012081
1,g,0.006561148046464048
1,u,0.05308333984421135
1,v,0.014604959290356693
1,s,0.06094726915606302
1,c,0.02537243736383937
1,q,0.01024963614791019
1,x,0.0032742145609881514
1,b,0.006354011276235053
1,è,0.0025019941456607573
1,y,0.0024801902751103366
1,h,0.008165549521132492
1,â,0.000521475903997558
1,à,0.0044043818511849495
1,j,0.005189321191000089
1,ç,0.0006105083754117752
1,ê,0.001773381471434204
1,z,0.001771564482221669
1,k,0.0005123909579348827
2,le,0.014761247183661603
2,e ,0.04699832836688713
2, f,0.004876807907551421
2,fa,0.0022912275601424522
2,an,0.009395668289846646
2,nt,0.012504542481284978
2,tô,0.0005759866269350971
2,me,0.007905734428374155
2, d,0.01969619885166073
2,de,0.012869757976597137
2, l,0.01733592557598663
2,lo,0.0026564430554546115
2,op,0.0007013591104004652
2,pé,0.000737698960680282
2,ér,0.0009757249800130824
2,ra,0.005868885820190421
2,"a
",0.0010302347554328076
2,"

",0.005352859946217022
2,ép,0.0008230976088378516
2,pi,0.0008085616687259249
2,il,0.0064394214695835455
2,og,0.0005977905371029871
2,ue,0.006310415001090195
2,"e
",0.005583617995493858
2,"
a",0.0010429537030307435
2,av,0.003913801875136275
2,va,0.003608547132785813
2,pr,0.0028781161421614944
2,ro,0.0032069917871938368
2,po,0.004057344283741551
2,os,0.001095646485936478
2,"s
",0.0029271749400392472
2,la,0.009437459117668434
2,au,0.004433461734137656
2,ut,0.004062795261283524
2,te,0.009312086634203067
2,eu,0.005965186423431935
2,ur,0.008092884657315213
2,r ,0.009539210698451922
2, c,0.011904934951667999
2,ce,0.006379460716621848
2, s,0.011465222763282216
2,si,0.0035413184097681516
2,in,0.006739225234392034
2,ng,0.001015698815320881
2,ul,0.0019768878552220365
2,li,0.0021495021440511666
2,ie,0.005758049276836979
2,er,0.008290936841340213
2, o,0.0019496329675121739
2,ou,0.01406352205828912
2,uv,0.0016498292027036848
2,vr,0.0007267970055963369
2,ag,0.0012046660367759285
2,ge,0.0019986917653899267
2, r,0.005285631223199361
2,ac,0.0015190057416963442
2,co,0.005509121302420234
2,on,0.010458608910531289
2, a,0.008091067664801221
2,u ,0.004742350461516099
2,ec,0.0018387964241587324
2,ct,0.0007540518933061996
2,om,0.0035413184097681516
2,mm,0.0024020641034958935
2,en,0.014821207936623301
2,t ,0.02418053637619013
2, i,0.003802965331782833
2,l ,0.0051166509193982124
2,"t
",0.002340286358020205
2,"
c",0.001626208300021804
2,nd,0.003872011047314485
2,du,0.002870848172105531
2,ui,0.006477578312377353
2,it,0.011030961552438405
2,a ,0.00893051820626499
2,qu,0.010216948906170507
2,ri,0.005658114688567483
2,ir,0.004893160840177339
2,rt,0.002353005305618141
2,ti,0.004577004142742932
2,tu,0.0009848099425830365
2, q,0.007039028999200524
2,ré,0.001900574169634421
2,ée,0.0013936332582309761
2,el,0.004604259030452794
2,ll,0.004593357075368849
2,em,0.003561305327422051
2,"
e",0.0013554764154371684
2,ex,0.0005923395595610146
2,is,0.008570753688494803
2,st,0.004660585798386511
2,té,0.0015662475470601062
2,"
l",0.0016970710080674468
2, e,0.009966203939239771
2,é ,0.002859946217021586
2, n,0.005552729122756014
2,ne,0.00772221818446108
2, p,0.012484555563631077
2,oi,0.005690820553819319
2,n ,0.009929864088959954
2,cr,0.0011665091939821208
2,ru,0.0007195290355403736
2,"u
",0.0005559997092811977
2,mp,0.00133730649029726
2,s ,0.02582491460135184
2, u,0.002870848172105531
2,un,0.00450795842721128
2,ns,0.005552729122756014
2,sp,0.0006977251253724835
2,at,0.0018533323642706593
2,io,0.0015807834871720329
2,da,0.004046442328657606
2,ar,0.005481866414710371
2,es,0.012980594519950577
2,su,0.0023221164328802966
2,up,0.0008903263318555128
2,pe,0.003506795552002326
2,rs,0.0025310705719892436
2,di,0.002789083508975943
2,re,0.01328584926230104
2,al,0.002174940039247038
2,ot,0.0008794243767715677
2,ve,0.003523148484628243
2,ci,0.0012282869394578094
2,mo,0.0035667563049640236
2,se,0.00647212733483538
2,or,0.003928337815248201
2,"
d",0.0016570971727596483
2, b,0.0026110182426048404
2,ba,0.000565084671851152
2,et,0.007538701940548005
2, m,0.00936114543208082
2,èr,0.001300966640017443
2,us,0.006930009448361073
2,pl,0.002180391016789011
2,és,0.0009938949051529907
2, v,0.005223853477723672
2,ai,0.014893887637182935
2,nc,0.0024275019986917654
2,i ,0.006891852605567265
2,ch,0.005134820844538121
2,ha,0.002536521549531216
2,bi,0.0013227705501853333
2,do,0.0017225089032633185
2,nn,0.0017461298059451996
2, t,0.005837996947452576
2,to,0.00351588051457228
2,ap,0.0014317901010247839
2,pp,0.0012155679918598736
2,pa,0.004560651210117015
2,mb,0.0010047968602369358
2,br,0.0011937640816919834
2,"
j",0.0005360127916272985
2,ja,0.0008830583617995493
2, é,0.0022785086125445162
2,ét,0.0028781161421614944
2,fr,0.0008031106911839523
2,ès,0.0005796206119630787
2,ab,0.0010629406206846429
2,bo,0.0007667708409041354
2,rd,0.001477214913874555
2,d ,0.0013554764154371684
2, j,0.003941056762846137
2,je,0.002798168471545897
2,pu,0.0007831237735300531
2,ls,0.0006940911403445017
2,rc,0.0006868231702885384
2,iv,0.0007685878334181263
2,ca,0.0013918162657169852
2,ad,0.0005469147467112435
2,dé,0.0016062213823679046
2,mi,0.0022276328221527727
2,na,0.002422051021149793
2,mu,0.0006214114397848681
2,iq,0.000610509484700923
2,id,0.0008140126462678974
2,"
s",0.0011519732538701941
2,no,0.002638273130314703
2,tt,0.0017424958209172178
2,tr,0.004789592266879861
2,lu,0.003088887273784432
2,"
m",0.0012718947597935896
2,ux,0.0020241296605857982
2,x ,0.002189475979358965
2,ta,0.004482520532015408
2,as,0.0028744821571335126
2,dr,0.0009975288901809725
2,am,0.0015807834871720329
2,ev,0.0011192673886183588
2,êt,0.001130169343702304
2, à,0.0031524820117741115
2,à ,0.003957409695472054
2,rr,0.001544443636892216
2,ic,0.001440875063594738
2,là,0.0006177774547568864
2,ts,0.0008885093393415219
2, g,0.0015716985246020786
2,né,0.0008467185115197325
2,ff,0.0006850061777745475
2,fi,0.0012755287448215713
2,"r
",0.0011319863362162948
2,jo,0.0008121956537539065
2,fo,0.0012246529544298278
2,mê,0.0005232938440293625
2,êm,0.0005269278290573443
2,vi,0.0017806526637110256
2,ei,0.0007304309906243186
2,"
r",0.000772221818446108
2,bl,0.001451777018678683
2,sa,0.004413474816483756
2,ol,0.0008358165564357875
2,so,0.003793880369212879
2,ho,0.0009393851297332655
2,gi,0.0005723526419071154
2,gn,0.000875790391743586
2,hr,0.0009702740024711098
2,y ,0.0011047314485064322
2,"n
",0.0011955810742059743
2,rè,0.0006722872301766116
2,be,0.0005232938440293625
2,c ,0.0011192673886183588
2,sé,0.0010429537030307435
2,ss,0.0036267170579257213
2,sc,0.0005796206119630787
2,ma,0.004973108510792935
2,uc,0.0006995421178864743
2,cu,0.0006395813649247766
2,sq,0.0005178428664873901
2,vo,0.004130023984301185
2,lé,0.0007522349007922087
2,"
q",0.0006813721927465659
2, h,0.001188313104150011
2,he,0.0020368486081837342
2,iè,0.000795842721127989
2,"
v",0.0005323788065993168
2,"
p",0.001382731303147031
2,nu,0.0007267970055963369
2,ua,0.001026600770404826
2,im,0.0012301039319718003
2,éc,0.0012664437822516171
2,ef,0.0005105748964314267
2,ni,0.0012301039319718003
2,ep,0.0006195944472708772
2,rm,0.0011192673886183588
2,ga,0.0008321825714078058
2,"i
",0.0007540518933061996
2,gr,0.0005232938440293625
2,m ,0.0006395813649247766
2,"
n",0.0005014899338614725
2,"
t",0.0006831891852605567
2,cl,0.0005505487317392252
2,fe,0.0007740388109600989
2,"
i",0.0005959735445889963
2,ez,0.0015535285994621702
2,z ,0.0010901955083945055
2,ig,0.0008485355040337234
2,ea,0.0009321171596773021
2, y,0.0006395813649247766
2,rn,0.0005905225670470238
2,ix,0.0005959735445889963
2,h ,0.0005033069263754633
2,ao,0.0007922087361000073
3,le ,0.007744036165484711
3,e f,0.0018115448280122612
3, fa,0.0017461329786557503
3,fan,0.000516026811590253
3,ant,0.003764815329630296
3,me ,0.003286945430164674
3,e d,0.00594521030818066
3, de,0.01038413108534611
3,de ,0.0073261271279292245
3,e l,0.005232947948520875
3, lo,0.0012973350122374668
3,"e

",0.0015953223259726832
3,ava,0.002073192225438305
3,van,0.0005578177153458015
3,pro,0.0006922754056897407
3,"s

",0.0007685892299390035
3, la,0.006448518149062703
3,aut,0.0009230338742529876
3,ute,0.0009193998826220704
3,teu,0.0005778046693158466
3,eur,0.002516539204410212
3,ur ,0.003644893605810026
3,r d,0.001411805748611361
3,e c,0.003988305814931708
3, ce,0.003594017722977184
3,ce ,0.0022748787609542134
3,e s,0.003830227178986807
3, si,0.0012519101168510008
3,ier,0.0007704062257544621
3,er ,0.0031597557230825697
3, ou,0.0005323797739293807
3,ouv,0.001391818794641316
3,age,0.0005142098157747942
3,ge ,0.0009975307026867917
3,e r,0.0017515839661021262
3, ra,0.0011701453051553622
3,con,0.0013209559578384292
3,ont,0.001326406945284805
3,nte,0.001836982769428682
3,te ,0.003564945789929846
3,e a,0.0014935705603069996
3, au,0.0019060286104161102
3,au ,0.0012755310624519632
3, le,0.00699906788114667
3,r c,0.0006795564349815303
3, co,0.0034304880995859066
3,com,0.0021058981501165604
3,omm,0.0017661199326257952
3,mme,0.0019387345350943656
3,men,0.00261283998262952
3,ent,0.006021524132429923
3,nt ,0.007120806600782398
3,t i,0.0008866939579438149
3, il,0.002592853028659475
3,il ,0.003693952492827409
3,ond,0.0008321840834800558
3,uit,0.0006086935981786434
3,it ,0.007667722341235448
3,t a,0.0013427599076239328
3,ir ,0.001642564217174608
3,r l,0.0018188128112740956
3,la ,0.005147549145194319
3,a c,0.0007576872550462516
3,tit,0.0006195955730713953
3,e q,0.002158591028764861
3, qu,0.00703904178908676
3,que,0.005371039630495731
3,ue ,0.003548592827590718
3,ra ,0.0005723536818694707
3, ré,0.0007013603847670339
3,ell,0.002749114668788918
3,lle,0.0037466453714757094
3,eme,0.0015498974305862175
3,"nt
",0.0007304323178143721
3,ist,0.0015026555393842927
3,"

l",0.0005033078408820424
3,"
le",0.0006777394391660716
3,té ,0.0009702757654549122
3,e n,0.0019514535058025762
3, ne,0.002358460568465311
3,ne ,0.005314712760216513
3,ut ,0.0018733226857378547
3,t p,0.002238538844645041
3, po,0.0028199775055918045
3,poi,0.0008012951546172589
3,oin,0.001055674568781468
3,int,0.0013827338155640227
3,t c,0.0014881195728606237
3, on,0.0006014256149168088
3,on ,0.0035031679322042523
3, cr,0.0005941576316549743
3,lon,0.0005814386609467639
3,s u,0.0005487327362685084
3, un,0.0028399644595618495
3,une,0.0020604732547300944
3,e i,0.0008140141253254694
3, in,0.0006922754056897407
3,ins,0.0007794912048317553
3,ati,0.0007304323178143721
3,tio,0.0010047986859486263
3,ion,0.0014408776816586992
3,n d,0.0012791650540828804
3, da,0.0026310099407841066
3,art,0.0005069418325129597
3,ste,0.0005487327362685084
3,tes,0.000941203832407574
3,es ,0.007925735747030574
3, su,0.001771570920072171
3,per,0.0010047986859486263
3,ers,0.000981177740347664
3,sti,0.0012500931210355423
3, di,0.0016934401000074496
3,dir,0.0006413995228568989
3,ire,0.0020314013216827563
3,rec,0.0006050596065477261
3,urs,0.000995713706871333
3,"
la",0.0005778046693158466
3,des,0.0019096626020470276
3,s c,0.0017279630205011638
3,les,0.0029944091038758337
3,s e,0.0018206298070895543
3,s d,0.003508618919650628
3,ces,0.0013136879745765946
3,dem,0.0006468505103032748
3,moi,0.0008757919830510631
3,ois,0.0007576872550462516
3, du,0.002176760986919447
3,du ,0.001651649196251901
3,u c,0.0005269287864830048
3,cor,0.0007304323178143721
3,"
de",0.0006650204684578612
3,e b,0.000610510593994102
3,all,0.0006777394391660716
3,et ,0.004760529036501629
3,t d,0.003214265597546329
3,leu,0.0006795564349815303
3,rs ,0.0016298452464663974
3,s m,0.0014154397402422782
3,ère,0.001300969003868384
3,res,0.0013536618825166847
3,eus,0.0005014908450665838
3,use,0.0005778046693158466
3,ses,0.0009720927612703708
3, ve,0.0006904584098742821
3,est,0.002258525798615086
3,air,0.0010084326775795435
3,re ,0.005730804801956541
3,e e,0.002618290970075896
3, et,0.003988305814931708
3,onc,0.0006304975479641471
3,ui ,0.0031270497984043143
3, en,0.0028853893549483155
3,en ,0.0026818858236169483
3,n c,0.0007431512885225825
3, ch,0.0024765652964701223
3,cha,0.0020786432128846806
3,r e,0.0006922754056897407
3,t e,0.0016698191544064875
3, bi,0.0008485370458191835
3,bie,0.0009084979077293185
3,ien,0.002672800844539655
3,qui,0.003228801564069998
3,uil,0.0010683935394896786
3,l s,0.0005087588283284183
3, se,0.002992592108060375
3,se ,0.002382081514066273
3, do,0.0013027859996838427
3,don,0.0008376350709264317
3,onn,0.0013790998239331055
3,t t,0.0009430208282230326
3, to,0.0022894147274778827
3,tou,0.0025710490788739713
3,out,0.0020332183174982146
3,s l,0.002907193304733819
3,"es
",0.0010338706189959644
3,app,0.0008521710374501007
3,par,0.00221310090322862
3,ren,0.0011283544013998136
3,enc,0.0010066156817640848
3,nce,0.0006722884517196957
3,dun,0.0006486675061187334
3,un ,0.0020949961752238086
3,rai,0.0014027207695340679
3,ai ,0.000835818075110973
3,bre,0.0006032426107322675
3,"re
",0.0007976611629863416
3,vai,0.002527441179302964
3,ais,0.0033305533297356815
3,is ,0.003699403480273785
3, ét,0.0015099235226461274
3,é d,0.0005450987446375911
3,ès ,0.0005196608032211702
3,rd ,0.0005378307613757566
3,e j,0.0012737140666365045
3, je,0.0023439246019416418
3,je ,0.002056839263099177
3,i d,0.0006831904266124475
3,omp,0.0005705366860540121
3,ser,0.0007231643345525376
3,ie ,0.0006486675061187334
3, na,0.0005814386609467639
3,e m,0.0029653371708284956
3,iqu,0.000610510593994102
3,e p,0.0036721485430419054
3, pa,0.0033959651790921924
3,ar ,0.0009066809119138598
3,sur,0.0012228381838036628
3,pre,0.0008049291462481762
3,ena,0.0006795564349815303
3,s p,0.0018478847443214339
3,s a,0.0016407472213591492
3, pl,0.0014481456649205336
3,plu,0.0011410733721080241
3,lus,0.0011846812716790314
3,rie,0.0009012299244674839
3,ieu,0.000921216878437529
3,eux,0.0014336096983968646
3,ux ,0.0016952570958229083
3,us ,0.0045061496223374195
3,s f,0.0005614517069767188
3,mes,0.0008031121504327175
3,t j,0.000590523640024057
3,dev,0.0005232947948520875
3,tre,0.002233087857198665
3,t à,0.0010175176566568367
3, à ,0.0028999253214719847
3,à c,0.0006268635563332298
3,cet,0.0009084979077293185
3,ett,0.0010883804934597235
3,tte,0.001175596292601738
3,ée ,0.0009848117319785812
3,n p,0.0007976611629863416
3,pou,0.001611675288311811
3,our,0.002914461287995654
3,ait,0.00667927661762595
3, pe,0.002111349137562936
3,peu,0.0005087588283284183
3,nne,0.0008430860583728076
3,cel,0.0005850726525776811
3,lui,0.0013027859996838427
3,à l,0.0009303018575148222
3,ts ,0.0007431512885225825
3,s n,0.0008376350709264317
3,ten,0.0014336096983968646
3,e t,0.001711610058162036
3, tr,0.0014626816314442029
3,tai,0.0025855850453976406
3,ain,0.0011719623009708209
3,ine,0.0015044725351997515
3,dan,0.0024202384261909045
3,l n,0.0006014256149168088
3,tro,0.0008394520667418903
3,rou,0.000761321246677169
3,uve,0.0006050596065477261
3,ver,0.0006432165186723575
3,nco,0.0005578177153458015
3,ore,0.0006613864768269438
3,jou,0.000675922443350613
3,i a,0.0005741706776849293
3, fo,0.0008866939579438149
3,ême,0.0005269287864830048
3,a d,0.0006813734307969889
3,ans,0.0024565783425000774
3,s v,0.0006940924015051993
3, vi,0.0010066156817640848
3,ill,0.0010484065855196336
3,ard,0.0009720927612703708
3,ort,0.0013718318406712709
3,ble,0.000941203832407574
3, sa,0.0019750744514035385
3,t m,0.0009648247780085363
3, me,0.0015299104766161723
3,a p,0.00130641999131476
3,i s,0.0005723536818694707
3,sou,0.0009193998826220704
3,si ,0.001151975347000776
3,i l,0.000530562778113922
3,dit,0.0007813082006472139
3,ons,0.0016262112548354802
3,tra,0.0010247856399186713
3,s q,0.0012173871963572869
3,t l,0.002778186601836256
3,"de
",0.0006613864768269438
3,chr,0.0009375698407766567
3,hri,0.0009339358491457394
3,ris,0.00142634171513503
3,tin,0.0011919492549408658
3,dis,0.0006559354893805679
3,rit,0.0005214777990366289
3,a m,0.0008449030541882662
3, mo,0.0026909708026942414
3,rt ,0.0005269287864830048
3, so,0.002609205990998603
3,son,0.0016825381251146978
3,ppe,0.000510575824143877
3,end,0.0018042768447504266
3,nd ,0.0006650204684578612
3,ns ,0.0035413248443288835
3,ess,0.0009775437487167468
3,ous,0.0037266584175056645
3, ma,0.002961703179197578
3,mai,0.0020695582338073875
3,s t,0.0008994129286520253
3,squ,0.0005178438074057116
3,voi,0.0013245899494693464
3,oir,0.0014390606858432405
3, av,0.0022857807358469652
3,ave,0.0012791650540828804
3,ven,0.0007322493136298307
3,ure,0.0011483413553698585
3,nda,0.000710445363844327
3,a v,0.0005868896483931398
3,e à,0.000755870259230793
3,mon,0.0015844203510799314
3,n e,0.0006523014977496507
3, es,0.0007486022759689584
3,pri,0.0005560007195303429
3,"te
",0.0005596347111612602
3,"
qu",0.0006813734307969889
3,tan,0.000610510593994102
3, pr,0.0015989563176036007
3,rem,0.0006323145437796057
3,ièr,0.0006704714559042371
3,ter,0.0011410733721080241
3,err,0.0007903931797245071
3,s j,0.0005378307613757566
3,rès,0.000516026811590253
3,and,0.001086563497644265
3,san,0.001055674568781468
3,a s,0.0006268635563332298
3,sai,0.0011628773218935278
3, ja,0.0007140793554752444
3,e v,0.0017606689451794193
3,in ,0.0011701453051553622
3,sse,0.0011120014390606859
3,sen,0.0005887066442085984
3,aie,0.0010956484767215581
3,s r,0.000761321246677169
3,pen,0.0006595694810114852
3,ens,0.0006632034726424026
3,uis,0.0007576872550462516
3,"

c",0.0005087588283284183
3,"
ce",0.000516026811590253
3,pas,0.0016044073050499766
3,ass,0.0008321840834800558
3,nch,0.0005051248366975011
3,har,0.0007813082006472139
3,min,0.0007340663094452894
3,t r,0.0007286153219989135
3, ri,0.000821282108587304
3,t s,0.0015462634389553
3,ssa,0.000990262719424957
3,"la
",0.0005832556567622225
3,ite,0.0010302366273650472
3,t q,0.0014045377653495263
3,aus,0.000516026811590253
3,uss,0.0005796216651313052
3,sa ,0.0007486022759689584
3,a t,0.0005178438074057116
3, pu,0.0005142098157747942
3,éta,0.001956904493248952
3, fi,0.0007685892299390035
3,anc,0.000575987673500388
3,"
ma",0.0005523667278994256
3,nai,0.0008230991044027626
3,qua,0.0007431512885225825
3, re,0.002107715145932019
3,ntr,0.0007849421922781312
3,man,0.0006795564349815303
3, no,0.0017897408782267575
3,"it
",0.0007322493136298307
3,vec,0.000695909397320658
3,ec ,0.000675922443350613
3,eti,0.0005887066442085984
3,t v,0.0005432817488221325
3,uel,0.0011537923428162344
3, al,0.000550549732083967
3,cou,0.001101099464167934
3,ran,0.0008394520667418903
3,che,0.0014699496147060373
3, te,0.000795844167170883
3,ret,0.000516026811590253
3,fai,0.0011392563762925654
3,"
et",0.000575987673500388
3, vo,0.00281270952232997
3, ca,0.000881242970497439
3, dé,0.0011447073637389413
3, lu,0.0013500278908857672
3,nou,0.001431792702581406
3, bo,0.0005033078408820424
3,s i,0.0006741054475351544
3,rri,0.0005996086191013502
3,"ne
",0.0005977916232858916
3,lai,0.0011955832465717832
3,ssi,0.0007704062257544621
3, mi,0.0005196608032211702
3,s s,0.0017007080832692843
3,u d,0.0005360137655602979
3,n m,0.0005341967697448393
3,st ,0.001360929865778519
3,"le
",0.0009157658909911531
3,a l,0.000821282108587304
3,vou,0.0021694930036576126
3,ez ,0.0010756615227515132
3,oul,0.0013209559578384292
3,r s,0.000635948535410523
3,rte,0.0006831904266124475
3,nde,0.0006613864768269438
3,iss,0.0010683935394896786
3,as ,0.001406354761164985
3,n a,0.0008085631378790934
3,isa,0.0005796216651313052
3,i e,0.0005087588283284183
3,aux,0.0005014908450665838
3,dre,0.0006632034726424026
3,e g,0.0005560007195303429
3,eau,0.0008067461420636348
3,roi,0.0006214125688868539
3,"

e",0.0006850074224279062
3,n s,0.0007249813303679962
3,der,0.0005723536818694707
3,por,0.0006413995228568989
3,ls ,0.0006068766023631847
3,lan,0.0005196608032211702
3,ils,0.0006214125688868539
3,ndr,0.0006014256149168088
3, el,0.0010720275311205958
3,e u,0.0005033078408820424
3,oi ,0.0009066809119138598
3,t u,0.000590523640024057
3,"t

",0.0005323797739293807
3,car,0.0005051248366975011
3,eri,0.0005887066442085984
3,ul ,0.0007595042508617102
3,rao,0.0007903931797245071
3,aou,0.000761321246677169
4,e fa,0.0005614527271339746
4,fant,0.0005033087553919449
4,me d,0.0005341977403798982
4,e de,0.0030307545270533
4, de ,0.006303169936659411
4,de l,0.0020332220118541022
4,e lo,0.000512393750976637
4,teur,0.0005069427536258217
4,eur ,0.0013100563633126074
4,ur d,0.0005396487377307134
4,r de,0.0008612575814288154
4,de c,0.0010429574931226583
4,e ce,0.0011120034595663187
4, ce ,0.0009975325151991975
4, au ,0.0006886426653196646
4, com,0.0015735212352686796
4,comm,0.0013173243597803612
4,omme,0.001524462259111342
4,ment,0.0022203729208987604
4,ent ,0.003713946195022149
4,t il,0.0006450346865131424
4, il ,0.0020859149862453167
4,r la,0.0006377666900453887
4, la ,0.004386235868289368
4,la c,0.0005269297439121444
4,e qu,0.0021585949509228537
4, que,0.003348729372517525
4,que ,0.003170663459057559
4,ue l,0.00060142670770662
4,e le,0.0015571682432162339
4, le ,0.0035376972806791217
4,elle,0.002670988701899491
4,emen,0.0014317953041474822
4,e ne,0.0009157675549369683
4, ne ,0.0017370511557931382
4,t po,0.000614145701525189
4, poi,0.0006741066723841572
4,poin,0.0006886426653196646
4,oint,0.0007068126564890489
4,int ,0.0007304336450092485
4,mme ,0.0011610624357236562
4,s un,0.0005360147394968366
4, une,0.0012137554101148706
4,une ,0.0017588551451963995
4,tion,0.0010048005116669514
4,ion ,0.0008067476079206625
4,on d,0.0005778057191864205
4,tes ,0.0007340676432431254
4,ne s,0.0005977927094727432
4,e su,0.0005541847306662209
4,pers,0.0005669037244847899
4,n de,0.0006577536803317114
4,e di,0.0005487337333154056
4, dir,0.0005214787465613292
4,dire,0.0005650867253678515
4,te d,0.0006922766635535416
4, des,0.0015553512440992954
4,des ,0.001248278393336701
4,es c,0.0006232306971098812
4,s ce,0.0005487337333154056
4,les ,0.0025746877487017542
4,es e,0.0005850737156541742
4,es d,0.0011737814295422252
4,s de,0.0019151170692531044
4, ces,0.0007740416238157708
4, du ,0.0013427623474174992
4,et d,0.0005360147394968366
4,t de,0.0017552211469625226
4,leur,0.0006123287024082506
4,urs ,0.000859440582311877
4,res ,0.0005578187289000978
4,ses ,0.0007304336450092485
4,aire,0.0007849436185174014
4,ire ,0.0012083044127640555
4,re e,0.0005959757103558048
4,e et,0.0013391283491836223
4,e la,0.002316673874096497
4, con,0.000834002594674739
4, en ,0.001215572409231809
4, cha,0.0009884475196145054
4, et ,0.00363218123475992
4,t en,0.0007158976520737411
4, bie,0.0007595056308802633
4,bien,0.0009048655602353378
4,ien ,0.0010048005116669514
4, qui,0.0028163486312545653
4,quil,0.0009375715443402295
4,uil ,0.0007122636538398643
4, se ,0.001193768419828548
4, don,0.0006559366812147729
4,t to,0.0005014917562750064
4, tou,0.001909666071902289
4,tout,0.0014790372811878812
4,oute,0.000626864695343758
4,s le,0.001460867290018497
4, les,0.002049575003906548
4, dun,0.0005996097085896816
4,cest,0.0006813746688519109
4,re d,0.0009084995584692146
4,e du,0.0006977276609043568
4,avai,0.0018733260895635205
4,ais ,0.0021585949509228537
4,s la,0.001037506495771843
4,e je,0.0007994796114529089
4, je ,0.0017279661602084462
4,e co,0.0010647614825259194
4,er l,0.0005251127447952061
4,r le,0.000990264518731444
4,le d,0.0008939635655337071
4,de m,0.0007195316503076179
4,ique,0.0005414657368476519
4,e pa,0.0009266695496385988
4, par,0.0015735212352686796
4,par ,0.000605060705940497
4,ante,0.0005868907147711126
4,es p,0.0007340676432431254
4, plu,0.0010538594878242889
4,plus,0.0010702124798767348
4,eux ,0.0012010364162963016
4,lus ,0.0009393885434571679
4,mes ,0.0005360147394968366
4,s et,0.0007504206352955713
4,ient,0.0012301084021673165
4,t à ,0.0009248525505216605
4, cet,0.0008031136096867857
4,cett,0.0007377016414770023
4,ette,0.0008703425770135076
4,tte ,0.000757688631763325
4, pou,0.0013609323385868834
4,pour,0.001164696433957533
4,rait,0.0005360147394968366
4,ait ,0.005808946176852158
4,it p,0.0009393885434571679
4,tre ,0.0014754032829540045
4,onne,0.0006105117032913122
4,ne d,0.0005759887200694821
4,e da,0.0008267345982069852
4,ère ,0.000783126619400463
4,rent,0.0005087597527427602
4,ine ,0.0010792974754614269
4, dan,0.001884228084265151
4,il n,0.0005323807412629597
4,e se,0.0009648265310943059
4,nt d,0.0010447744922395968
4, tro,0.000614145701525189
4,ouve,0.0005523677315492824
4,dans,0.002015052020684718
4,ont ,0.0005560017297831593
4,e sa,0.0006995446600212952
4,re l,0.0006432176873962039
4,la p,0.0008630745805457539
4,e en,0.0005469167341984672
4,qui ,0.0018860450833820895
4, si ,0.0006632046776825267
4,tait,0.0017170641655068156
4,it d,0.0010084345099008283
4,er d,0.0005578187289000978
4,s co,0.0005287467430290829
4,s qu,0.0012173894083487475
4,nt l,0.00094847353904186
4,t le,0.0014336123032644206
4," de
",0.0005541847306662209
4,chri,0.0009339375461063525
4,hris,0.0009339375461063525
4,rist,0.0009957155160822593
4,isti,0.0009975325151991975
4,stin,0.0010284215001871509
4,tine,0.0009539245363926753
4,e ch,0.0010901994701630576
4,et l,0.0005759887200694821
4,t la,0.0008158326035053547
4,la m,0.000617779699759066
4,de s,0.0008121986052714779
4,e so,0.0009066825593522761
4, son,0.0010974674666308112
4,le c,0.0007794926211665861
4, sur,0.0010356894966549047
4,sur ,0.0008957805646506456
4,ur l,0.0008739765752473844
4,tend,0.000770407625581894
4,ans ,0.0021440589579873465
4,ns l,0.0011792324268930406
4,ous ,0.003208820440513266
4,us d,0.0005069427536258217
4,e ma,0.0008612575814288154
4, mai,0.001219206407465686
4,mais,0.00126099738715527
4,vait,0.0017588551451963995
4,our ,0.001197402418062425
4,voir,0.0005796227183033589
4, ave,0.0008067476079206625
4,le p,0.0008430875902594311
4,e pe,0.0007649566282310787
4, per,0.0006741066723841572
4,ente,0.0006831916679688494
4,e à ,0.0007086296556059874
4, mon,0.0013173243597803612
4,tant,0.000512393750976637
4,ant ,0.0021149869721163316
4,ière,0.0006704726741502804
4,e me,0.0006032437068235585
4,aien,0.0010556764869412273
4,nt p,0.0005251127447952061
4,e to,0.0005378317386137751
4, ava,0.0012119384109979322
4,s pa,0.0005923417121219279
4, pas,0.0014972072723572656
4,s en,0.0006286816944606965
4,char,0.0007395186405939406
4,son ,0.0009084995584692146
4, à l,0.0007504206352955713
4,à la,0.0005578187289000978
4," la
",0.0005269297439121444
4,ite ,0.0005450997350815288
4,t qu,0.0014045403173934057
4,le m,0.0005996097085896816
4,e mo,0.0007922116149851552
4, éta,0.0009975325151991975
4,étai,0.0017933781284182296
4,it l,0.000770407625581894
4,ssai,0.0005033087553919449
4,sait,0.0006159627006421275
4,e re,0.0007631396291141403
4,e no,0.0005650867253678515
4, un ,0.0014463312970829896
4,avec,0.0006959106617874184
4,vec ,0.0006595706794486497
4,quel,0.0010901994701630576
4, cou,0.0006486686847470192
4,uell,0.0005160277492105139
4,lle ,0.002552883759298493
4,t ce,0.0007049956573721106
4,ce q,0.0006068777050574353
4,"
et ",0.0005759887200694821
4, voi,0.0007994796114529089
4,tour,0.0005305637421460214
4,e lu,0.0005051257545088833
4, lui,0.0010865654719291807
4,nous,0.0011319904498526413
4,ne p,0.0006323156926945733
4,ble ,0.0005996097085896816
4, me ,0.0007358846423600638
4,le s,0.0006559366812147729
4,t pa,0.0007595056308802633
4, ent,0.0006377666900453887
4, pro,0.0005196617474443907
4, chr,0.0007595056308802633
4,nten,0.0007431526388278175
4,lui ,0.000986630520497567
4,e il,0.0005523677315492824
4,es m,0.0005614527271339746
4,s ma,0.0005487337333154056
4,ons ,0.0008703425770135076
4,out ,0.0010811144745783653
4,est ,0.0013391283491836223
4,it s,0.0005414657368476519
4,it e,0.0005596357280170361
4,vous,0.001887862082499028
4,e vo,0.000977545524912875
4, vou,0.0016225802114260173
4, moi,0.0005778057191864205
4,issa,0.0005251127447952061
4,pas ,0.0010956504675138728
4,e po,0.0007758586229327093
4,oir ,0.0008630745805457539
4, nou,0.0011338074489695797
4,ille,0.000757688631763325
4,je n,0.0005378317386137751
4,fait,0.0005269297439121444
4,main,0.0006468516856300807
4, est,0.0005650867253678515
4, fai,0.0008776105734812613
4,nt e,0.0005014917562750064
4, sou,0.0006668386759164035
4,orte,0.0005196617474443907
4,port,0.0006377666900453887
4,ils ,0.0005541847306662209
4, ses,0.0005541847306662209
4,endr,0.0005142107500935754
4, ell,0.0010647614825259194
4,t un,0.0005850737156541742
4, sa ,0.0005142107500935754
4, rao,0.0006068777050574353
4,raou,0.0007613226299972018
4,aoul,0.0007595056308802633
4,oul ,0.0006741066723841572
5,e de ,0.0019151205490254507
5, de l,0.0018969505248411485
5,r de ,0.0005378327158553448
5, de c,0.0009593772769311556
5, comm,0.0011029204679871428
5,comme,0.0010902014510581314
5,ment ,0.0018151854160117888
5,t il ,0.0005178456892526124
5,e que,0.0009357562454915628
5, que ,0.0022476319915981807
5,que l,0.0005759897666423794
5,e le ,0.0007249839649536574
5,ement,0.0014317979057230125
5,e ne ,0.0006831929093297623
5, poin,0.0006377678488690068
5,point,0.0006759248996560415
5,oint ,0.0006250488319399953
5,omme ,0.0009975343277181903
5, une ,0.0010647634172001083
5,tion ,0.0006250488319399953
5, des ,0.0010683974220369688
5,es de,0.000655937873053309
5,s de ,0.0010974694607318522
5,t de ,0.0011319925066820265
5,aire ,0.0006195978246847047
5,de la,0.001311875746106618
5,e la ,0.0015680730871052788
5, bien,0.0007595070109038315
5,bien ,0.0007049969383509249
5, quil,0.0007685920229959826
5,quil ,0.0006759248996560415
5, tout,0.0012228426276035373
5,s les,0.0006159638198478442
5,e je ,0.0005632707497133678
5,e com,0.0005178456892526124
5, de m,0.0006613888803085997
5,e par,0.0005087606771604613
5, par ,0.0005650877521317981
5,e et ,0.0012192086227666768
5, plus,0.0009939003228813298
5,plus ,0.00091213521405197
5,s et ,0.0006759248996560415
5, cett,0.0006650228851454601
5,cette,0.0007377029818826688
5,ette ,0.0007322519746273782
5, pour,0.0010411423857605154
5,ait p,0.000814017083456738
5, les ,0.001777028365224754
5, dans,0.00182608743052237
5, la p,0.0007849450447618546
5,e qui,0.0009939003228813298
5, qui ,0.0017534073337851612
5,tait ,0.0015426350532472559
5,ait d,0.0007504219988116804
5,nt le,0.0005341987110184844
5,ent d,0.000539649718273775
5,nt de,0.0006123298150109838
5,chris,0.0009339392430731325
5,hrist,0.0009339392430731325
5,risti,0.0009393902503284232
5,istin,0.0009811813059523182
5,stine,0.0009339392430731325
5,tine ,0.0008285531028041799
5,t la ,0.0006232318295215651
5, la m,0.0005287477037631938
5, de s,0.000714081950443076
5, le c,0.0005251136989263333
5,t le ,0.0008012980665277266
5, sur ,0.00083037010522261
5,sur l,0.0005160286868341822
5,dans ,0.0018115514111749283
5,ans l,0.0011011034655687127
5,ns le,0.0005887087835713909
5, mais,0.000730434972208948
5,mais ,0.001119273489753015
5,avait,0.0013972748597728384
5,vait ,0.0015735240943605697
5, le p,0.0005632707497133678
5,s la ,0.0007122649480246459
5,aient,0.0010556784051079572
5,ient ,0.001046593393015806
5,s le ,0.0006377678488690068
5, avai,0.001119273489753015
5,re de,0.0005196626916710427
5, son ,0.0007068139407693551
5, étai,0.0009357562454915628
5,était,0.0013591178089858037
5,ait l,0.0005669047545502283
5,sait ,0.0005378327158553448
5, avec,0.0006341338440321464
5,avec ,0.0006595718778901695
5, quel,0.0007504219988116804
5,uelle,0.0005160286868341822
5,elle ,0.002031408703804985
5,ce qu,0.0006068788077556931
5,pour ,0.0007958470592724359
5,nous ,0.0010157043519024925
5,t pas,0.0005142116844157519
5, chri,0.000755873006066971
5,enten,0.0005051266723236008
5, lui ,0.0008612591463359238
5,t que,0.0008321871076410403
5,tout ,0.0010157043519024925
5,cest ,0.0006377678488690068
5,vous ,0.0017061652709059755
5,e vou,0.000614146817429414
5, pas ,0.0010320573736683643
5,voir ,0.0005033096699051707
5,r le ,0.0005432837231106355
5, vous,0.0013972748597728384
5, nous,0.0009611942793495858
5, elle,0.0010647634172001083
5,s que,0.0005578197424580772
5,ns la,0.0005196626916710427
5, raou,0.0006068788077556931
5,raoul,0.0007595070109038315
5,aoul ,0.0006741078972376112
